run,unique,validation,testx2,testx3,testx4
0,0.9859231,0.0211,0.0,0.0211,0.0
1,0.9858813,0.0212,0.0,0.0212,0.0
